id,first_name,last_name,gender,company_name
1,Katerine,Newlyn,Female,Voolia
2,Jock,Trulocke,Male,Oloo
3,Hedvige,Gouda,Female,Yadel
4,Conrad,Lethbury,Male,Tagchat
5,Margi,Dorkin,Female,Skaboo
6,Stanleigh,Hackworthy,Male,Trudoo
7,Dionis,Kubik,Female,Zoomzone
8,Geoff,Cabrales,Male,Brightdog
9,Rebbecca,Cawson,Female,Quire
10,Ramon,Marusik,Male,Wordtune
11,Gerome,Gawthrope,Male,Skimia
12,Justino,Catherine,Male,Vidoo
13,Jeanne,Feavearyear,Female,Demivee
14,Lacy,Slides,Female,Skipstorm
15,Berk,Miklem,Male,Aimbu
16,Delilah,Haslock,Female,Youopia
17,Egon,Whitwood,Male,Meembee
18,Clerkclaude,Schimonek,Male,Photolist
19,Hayley,Gommey,Female,Skimia
20,Colver,Cesaric,Male,Jaxworks
21,Kelley,Castaneda,Female,Blogtags
22,Dannye,Mitchall,Female,Buzzshare
23,Kile,Saing,Male,Plajo
24,Dinnie,Cutchey,Female,Plambee
25,Hogan,Cooney,Male,Zazio
26,Antons,Peaple,Male,Divanoodle
27,Hobie,Jerke,Male,Kamba
28,Genevra,Nower,Female,Innojam
29,Land,Hursthouse,Male,Brainbox
30,Georgianna,Saul,Female,Skyndu
31,Kirbee,Kalinowsky,Female,Youopia
32,Christian,Keme,Male,Agivu
33,Jocelyn,Blowes,Female,Quamba
34,Steve,Stillert,Male,Twimm
35,Fae,Livoir,Female,Quimba
36,Cody,Lees,Male,Kazu
37,Vinson,Innett,Male,Voonder
38,Armando,Sacco,Male,Dablist
39,Wynn,Fallow,Male,Omba
40,Welby,Minot,Male,Jaloo
41,Benoite,Mansfield,Female,Kwinu
42,Xenia,Greve,Female,Tagcat
43,Adi,Hazeup,Female,Browsedrive
44,Daffie,Zelley,Female,Plambee
45,Corny,Rizzardini,Male,Zava
46,Valdemar,Hazle,Male,Livetube
47,Wren,Vise,Female,Skynoodle
48,Andrej,Larciere,Male,InnoZ
49,Sigfrid,Shewen,Male,Cogilith
50,Karlan,Grishaev,Male,Gigazoom
51,Joe,Dearnaley,Male,Centimia
52,Fred,Jimeno,Female,Pixoboo
53,Mildred,Bees,Female,Eadel
54,Terrel,Franklin,Male,Kare
55,Klarrisa,Bernardeschi,Female,Podcat
56,Vida,O'Cahey,Female,Twimm
57,Cher,O'Hegertie,Female,Gabcube
58,Rogers,Rodmell,Male,Tagfeed
59,Kendricks,Pieters,Male,Livetube
60,Hansiain,Crunkhorn,Male,Kimia
61,Anabal,Howels,Female,Twitterlist
62,Artie,Mosco,Male,Browsebug
63,Jeffy,McNeely,Male,Kwinu
64,Idalina,Merrigans,Female,Voomm
65,Bill,Pounder,Male,Dabvine
66,Tanitansy,Gallant,Female,Fivespan
67,Hebert,Kilford,Male,Gabcube
68,Edith,Sowley,Female,Skyvu
69,Gavin,Channer,Male,Reallinks
70,Curran,Overel,Male,Buzzshare
71,Tully,Byne,Male,Oodoo
72,Ginger,Baudins,Female,Oyondu
73,Zollie,Petschelt,Male,Jayo
74,Bail,Feldheim,Male,LiveZ
75,Roanne,Olenov,Female,Skiba
76,Stacy,Allison,Male,Voonyx
77,Burnaby,Forward,Male,Ailane
78,Nikaniki,Dunkinson,Female,Gabcube
79,Cele,Jeness,Female,Mycat
80,Roman,Botten,Male,Tagchat
81,Cyril,Sleaford,Male,Brainverse
82,Mendy,Capner,Male,Innotype
83,Nate,Gliddon,Male,Chatterpoint
84,Margery,Gresham,Female,Photojam
85,Dredi,Heeran,Female,Edgetag
86,Zorana,O'Mohun,Female,Mycat
87,Sebastiano,Hunston,Male,Browsetype
88,Mozes,Parminter,Male,Devbug
89,Oren,Monkhouse,Male,Ntags
90,Michel,Henriques,Female,Quinu
91,Kissiah,Lorenzin,Female,Dynabox
92,Hermon,Hevey,Male,Kanoodle
93,Benedict,Trubshawe,Male,Cogilith
94,Yuri,Dunlap,Male,Tagfeed
95,Lowe,Jeune,Male,Divape
96,Artur,Pounder,Male,Zoonder
97,Fletcher,Lamden,Male,Topicblab
98,Agnese,Le Batteur,Female,Tagcat
99,Chadd,Ledbury,Male,Wordware
100,Felipa,Cicetti,Female,Bubblemix
101,Bobbee,Kordas,Female,Wikizz
102,Dorotea,Domm,Female,Quamba
103,Carolann,Nichols,Female,Twitterlist
104,Marshal,Jordanson,Male,Pixonyx
105,Sadie,Ewbanche,Female,Devpulse
106,Rabi,Knee,Male,Kazio
107,Cilka,Heinish,Female,Vidoo
108,Constantin,Folbige,Male,Oozz
109,Shawn,Angus,Male,Devcast
110,Marco,Permain,Male,Eazzy
111,Magdalene,Conford,Female,Voonix
112,Jayme,McLemon,Female,Wordpedia
113,Doria,Tremayle,Female,Nlounge
114,Rebekah,Matiashvili,Female,Wikido
115,Clarice,Caudwell,Female,Vinte
116,Casey,Carlyon,Female,Kayveo
117,Ursula,Scourfield,Female,Skiptube
118,Rubina,Ehrat,Female,Brightbean
119,Claudine,Santori,Female,Gigashots
120,Emmet,Wheatland,Male,Feedspan
121,Allene,Heffernon,Female,Skiba
122,Josh,Wyndham,Male,Blogtags
123,Marianna,Peret,Female,Devshare
124,Seumas,Neasham,Male,Divanoodle
125,Thornton,Jankovic,Male,Browsedrive
126,Clara,Origin,Female,Kare
127,Carolin,Yule,Female,Meembee
128,Floyd,Checklin,Male,Realblab
129,Catharina,Nussii,Female,Cogilith
130,Renate,Meadway,Female,Brainverse
131,Tania,Tresvina,Female,Feedspan
132,Joanna,MacDaid,Female,Skinder
133,Daren,Kundt,Male,Divanoodle
134,Blaine,Cypler,Male,Fliptune
135,Nelson,Poundford,Male,Skyba
136,Merline,Brame,Female,Skynoodle
137,Angie,Bohlin,Male,Youspan
138,Bridie,Camous,Female,Ntag
139,Garvin,Tuke,Male,Lajo
140,Guss,Pendreigh,Male,Gevee
141,Hobard,Peterson,Male,Zoonder
142,Johna,Pietzker,Female,Skinder
143,Viki,Curtis,Female,Centimia
144,Chadwick,Hutfield,Male,Skinder
145,Tris,Arkle,Male,Jaxbean
146,Almeria,Copperwaite,Female,Twinte
147,Lesly,Flahive,Female,Twitterbeat
148,Cookie,Mowat,Female,Photobug
149,Dorita,Laguerre,Female,Devpoint
150,Rickie,Apps,Male,Gigazoom
151,Quillan,Cristoforo,Male,Katz
152,Paloma,Furney,Female,Agivu
153,Lanae,Persich,Female,Meeveo
154,Trenna,Petschelt,Female,Ooba
155,Ardisj,Taree,Female,Miboo
156,Kimble,McFetridge,Male,Meezzy
157,Reggie,Werndly,Female,Gigaclub
158,Montgomery,Sambles,Male,Oyoloo
159,Walsh,Cruft,Male,Trilith
160,Glenda,Elloway,Female,Abatz
161,Ulrikaumeko,Pawlaczyk,Female,Gabtype
162,Francine,Murr,Female,Divavu
163,Bjorn,Death,Male,Npath
164,Clementia,Pearse,Female,Twitterlist
165,Temple,Mirams,Male,Meezzy
166,Venus,Barabich,Female,Dynabox
167,Tracy,Iacovides,Female,Babbleblab
168,Karlis,Summerbell,Male,DabZ
169,Jobi,McKyrrelly,Female,Myworks
170,Homere,Maffioletti,Male,Fivespan
171,Reidar,Ellsworthe,Male,Rooxo
172,Maximilianus,Betjeman,Male,Flashspan
173,Claudius,Josskovitz,Male,Omba
174,Herman,Pucknell,Male,Trudoo
175,Inga,Darrigrand,Female,Fliptune
176,Monty,Scones,Male,Jabbercube
177,Finlay,Gyde,Male,Thoughtsphere
178,Selestina,Mimmack,Female,Edgeclub
179,Samuel,Wandrich,Male,Buzzshare
180,Beth,Dowman,Female,Twinte
181,Gabbey,Tschursch,Female,Skyvu
182,Urbano,Davydzenko,Male,Voonix
183,Stephie,Brownscombe,Female,Skidoo
184,Carry,Kibble,Female,Divape
185,Leanora,Manssuer,Female,Dabvine
186,Glory,Kettley,Female,Jatri
187,Bianca,Bader,Female,Ntags
188,Emlyn,Huc,Male,Skimia
189,Burlie,Shaplin,Male,Gabtune
190,Kara,Ewebank,Female,Yodo
191,Nevins,Barnwille,Male,Aibox
192,Star,Fairbridge,Female,Gabtune
193,Arlie,Creyke,Female,Topicware
194,Luella,Mantione,Female,BlogXS
195,Diane,Spickett,Female,Yozio
196,Harcourt,Landes,Male,Geba
197,El,Skene,Male,Trilia
198,Regan,Geindre,Male,Tagopia
199,Ophelie,Comino,Female,Photofeed
200,Oliy,Anglim,Female,Aimbo
